company,job,location,time_posted,job_type,salary,job_description,link
Infosys Finacle,Python Developer,"Bengaluru, Karnataka, India",1 week ago,Full-time,,"About Finacle :Finacle(Edgeverve) is the Leading Banking Product , providing financial institutions, of any size, anywhere in the world, the software to thrive in the digital banking age. We are an exciting place to work and our biggest asset is our talented workforce - what we create and achieve is a result of the aspirations of the 10,000+ employees that make up Edge Verve todayPFB Job DetailsJoining Location: Bangalore/Chennai/Hyderabad/PuneJob Description 1) Strong programming skills and ability to write clean code..2) Hands on Python programming, Shell Scripting.3) Experience with popular Python frameworks such as Django, Flask or Pyramid.4) Write clean and reusable code that can be easily maintained and scaledYou will be responsible for developing and implementing high-quality software solutions, creating complex applications using cutting-edge programming features and frameworks and collaborating with other teams in the firm to define, design and ship new features.MODE OF INTERVIEW :FACE TO FACE EXPERIENCE :3 TO 13 YEARS PLEASE FILL BELOW DETAILS AND SEND UPDATED RESUME TO jestie.sabu@infosys.comTotal Years of Experience :Current CTC:Expected CTC:Notice Period :Years of Experience in Python:Years of Experience in Devops :",
Open Co,"Pessoa Desenvolvedora Back-End Python Junior [SP]
S√£o Paulo - SP
Efetivo","S√£o Paulo, S√£o Paulo, Brazil",1 month ago,Full-time,,"Descri√ß√£o da vagaBuscamos uma pessoa Desenvolvedora Back-End Python para atuar em projetos na jornada de cr√©dito p√≥s concess√£o, incluindo pagamentos e cobran√ßa, para garantir a melhor experi√™ncia e diversidade de solu√ß√µes ao cliente.Responsabilidades e atribui√ß√µesEntregar a melhor experi√™ncia poss√≠vel aos nossos clientes.Trabalhar em conjunto com outros desenvolvedores num ambiente √°gil para criar e manter solu√ß√µes robustas.Reunir requisitos e transform√°-los em solu√ß√µes funcionais;Escrever c√≥digos compat√≠veis com padr√µes, incluindo teste/depura√ß√£o em v√°rias plataformas;Colaborar estreitamente com colegas de equipe para criar solu√ß√µes inovadoras e orientadas para o desempenho;Trazer ideias de novas tecnologias que podem ser usadas para melhorar nossos sistemas.Requisitos e qualifica√ß√µesProficiente em Python;Conhecimento em Pyramid/Flask/Django (Framework)Conhecimento sobre estruturas de dados;Implementa√ß√£o de testes unit√°rios (pytest).Desej√°velProcessamento ass√≠ncrono;Conhecimento de integra√ß√µes de APIs Rest;Microsservi√ßos;PostgreSQL;Git.Informa√ß√µes adicionaisModelo de trabalho h√≠brido em S√£o Paulo - SP.Etapas do processoEtapa 1: Cadastro1CadastroEtapa 2: Bate Papo com People2Bate Papo com PeopleEtapa 3: Bate Papo com L√≠der3Bate Papo com L√≠derEtapa 4: Bate Papo com √Årea4Bate Papo com √ÅreaEtapa 5: Carta Oferta5Carta OfertaEtapa 6: Contrata√ß√£o6Contrata√ß√£o#SejaOpenA Open Co √© uma fintech feita de pessoas para pessoas.ÔªøHoje somos a maior fintech de cr√©dito do Brasil!Nascemos em 2021 a partir da fus√£o de duas das mais inovadoras empresas de cr√©dito pessoal, Geru e Rebel. Adquirimos a BoletoFlex em 2022 e realizamos a fus√£o com a BizCapital em 2023.Somos uma fintech brasileira que cria, desenvolve e oferece solu√ß√µes de cr√©dito para indiv√≠duos e PMEs por meio de nossas duas marcas: Geru e BizCapital. Geru, para pessoas f√≠sicas. Biz, para pessoas jur√≠dicas. Em comum, essas marcas t√™m o compromisso de transformar a rela√ß√£o do brasileiro com o cr√©dito, promovendo experi√™ncias mais simples, justas e relevantes. Experi√™ncias que, somadas, chegam a R$5 bilh√µes concedidos at√© hoje. Open Co √© bem mais que empr√©stimo. √â poder de compra para que indiv√≠duos e PMEs possam evoluir junto com o Brasil. Todos os dias.Fazemos tudo isso com a ajuda de um time incr√≠vel, que atua com autonomia e na base da colabora√ß√£o. √â assim que fazemos a diferen√ßa e constru√≠mos um futuro cada vez mais Open. üíöCultura de valores, bora conhecer?Somos humanos: Somos apaixonados por impactar positivamente a vida das pessoas.Excel√™ncia com simplicidade: Superamos expectativas de forma descomplicada. Lutamos diariamente contra a falsa ideia de que o ‚Äújogo est√° ganho‚Äù.Jogamos juntos: Entramos em campo para fazer gol juntos. Pelo cliente e com o cliente.Time de protagonistas: Estimulamos a energia de dono em cada um na busca pelo resultado no fim do dia.Open PluralDiversidade √© uma palavra que marca a transforma√ß√£o do nosso tempo. Independente de idade, g√™nero, religi√£o, orienta√ß√£o sexual, etnia ou qualquer outro fator, aqui na Open, a nossa pr√°tica √© promover a inclus√£o e o respeito.Aqui na Open temos o Open Plural, nosso grupo de diversidade que visa trazer mais visibilidade √† temas diversos e criar a√ß√µes de pertencimento.O que a gente ofereceCart√£o FlashAssist√™ncia m√©dica e odontol√≥gica (colaboradores CLT)Seguro de vidaPLR proporcional ao tempo de casa e metas atingidasGympass para cuidar da sua sa√∫de e bem-estarConv√™nio com o SescDay off de anivers√°rioPlano de carreiraNo dress codeQuer se reinventar e fazer parte da maior fintech de cr√©dito sem garantia do Brasil? #SejaOpen üíö",https://www.linkedin.com/jobs/view/externalApply/3980374152?url=https%3A%2F%2Fopen-co%2Egupy%2Eio%2Fjobs%2F7503590&urlHash=Hrha&trk=public_jobs_apply-link-offsite_sign-up-modal-sign-up-later
Virtusa,Python Developer,"Andhra Pradesh, India",1 week ago,Full-time,,"Design and develop on Hadoop applications,Hands on in developing Jobs in pySpark with Python/ SCALA (Preferred) or Java/ SCALAExperience on Core Java, Experience on Map Reduce programs, Hive programming, Hive queries performance conceptsExperience on source code management with Git repositoriesSecondary skillsExposure to AWS Ecosystem with hands-on knowledge of ec2, S3 and servicesBasic SQL programmingKnowledge of agile methodology for delivering software solutionsBuild scripting with Maven / Cradle, Exposure to Jenkins",https://www.linkedin.com/jobs/view/externalApply/3977311643?url=https%3A%2F%2Fwww%2Evirtusa%2Ecom%2Fcareers%2Fin%2Fhyderabad%2Fdata-analytics%2Fpython-developer%2Fcreq192910&urlHash=MA95&trk=public_jobs_apply-link-offsite_sign-up-modal-sign-up-later
LTIMindtree,Python Developer,"Bengaluru, Karnataka, India",2 weeks ago,Full-time,,Experience required: Exp required: 7 to 8 yearsLocation: Bengaluru7 to 8 Year of experienced Python Backend Developer Ideal candidate will have a deep understanding of backend development principles and extensive experience in Python This role involves developing and maintaining the backend functionality of our applications with a particular focus on FastAPI and AIML projects The successful candidate will be instrumental in creating high performance scalable and future ready backend systems Design develop and maintain efficient reusable and reliable Python code Implement robust scalable backend services and APIs using FastAPI Work closely with AIML teams to integrate advanced algorithms and models into backend systems Collaborate with frontend developers for seamless API integration Ensure the highest level of performance quality and responsiveness of applications Identify bottlenecks and bugs and devise solutions to these problems Help maintain code quality organization and automatization Participate in code reviews to ensure best practices and standards are followed Expertise in database technologies SQL NoSQL and ORM libraries Familiarity with Docker Kubernetes and CICD pipelines Knowledge of cloud services AWS Azure and API design standards Excellent problem solving skills and ability to work in a team environment Strong communication skills and proficiency in English both written and spoken,
Concentrix,Python Developer,"Gurugram, Haryana, India",2 weeks ago,Full-time,,"Responsibilities: Proficiency in Python, and proven experience using popular ML packages (sklearn, PyTorch, word2vec, etc), and previous experience efficiently conducting research and creating ad hoc reports.Work with vector databases and embedding techniques for efficient data representation and retrieval.Implement various embedding creation and manipulation techniques.Strong experience in writing code and building functionality using Python.Good knowledge of machine learning methods like k-Nearest Neighbours, Naive Bayes, SVM, Decision Tree, Random Forest, Ada Boost.Advanced SQL and experience with ETL on OLTP and OLAP databases for creating bounded and unbounded data pipelines, data mart is a must.Participate in code reviews and knowledge sharing within the team.Utilize Azure OpenAI API and other cloud platforms (GCP, Rag) for LLM access and integration.Good to have- Contribute to the development of LangChain and LammaIndex for LLM interpretability and control. Key Skills: Python, Machine Learning, SQL Years of experience: 3Y-5Y Notice: Immediate to 15 days Location: Gurgaon",
Infosys,Python Developer,"Bhubaneswar, Odisha, India",1 week ago,Full-time,,"ResponsibilitiesA day in the life of an Infoscion‚Ä¢ As part of the Infosys delivery team, your primary role would be to interface with the client for quality assurance, issue resolution and ensuring high customer satisfaction.‚Ä¢ You will understand requirements, create and review designs, validate the architecture and ensure high levels of service offerings to clients in the technology domain.‚Ä¢ You will participate in project estimation, provide inputs for solution delivery, conduct technical risk planning, perform code reviews and unit test plan reviews.‚Ä¢ You will lead and guide your teams towards developing optimized high quality code deliverables, continual knowledge management and adherence to the organizational guidelines and processes.‚Ä¢ You would be a key contributor to building efficient programs/ systems and if you think you fit right in to help our clients navigate their next in their digital transformation journey, this is the place for you! If you think you fit right in to help our clients navigate their next in their digital transformation journey, this is the place for you!Technical and Professional Requirements:‚Ä¢ Primary skills:Technology->Machine Learning->PythonPreferred Skills:Technology->Machine Learning->PythonAdditional Responsibilities:‚Ä¢ Knowledge of more than one technology‚Ä¢ Basics of Architecture and Design fundamentals‚Ä¢ Knowledge of Testing tools‚Ä¢ Knowledge of agile methodologies‚Ä¢ Understanding of Project life cycle activities on development and maintenance projects‚Ä¢ Understanding of one or more Estimation methodologies, Knowledge of Quality processes‚Ä¢ Basics of business domain to understand the business requirements‚Ä¢ Analytical abilities, Strong Technical Skills, Good communication skills‚Ä¢ Good understanding of the technology and domain‚Ä¢ Ability to demonstrate a sound understanding of software quality assurance principles, SOLID design principles and modelling methods‚Ä¢ Awareness of latest technologies and trends‚Ä¢ Excellent problem solving, analytical and debugging skillsEducational RequirementsBachelor Of Science,Bachelor of Engineering,Bachelor Of Technology,Bachelor Of Comp. Applications,Master Of Engineering,Master Of Technology",https://www.linkedin.com/jobs/view/externalApply/4013941961?url=https%3A%2F%2Fcareer%2Einfosys%2Ecom%2Fjobdesc%3FjobReferenceCode%3DINFSYS-EXTERNAL-184916&urlHash=gOJe&trk=public_jobs_apply-link-offsite_sign-up-modal-sign-up-later
KPMG Brazil,Desenvolvedor Python Jr/Pl,"S√£o Paulo, S√£o Paulo, Brazil",1 week ago,Full-time,,"Inclus√£o e respeito √† diversidade e equidade fazem parte do DNA da KPMG.Aqui valorizamos todas as pessoas, encorajando e empoderando os nossos profissionais para que se sintam parte das nossas conquistas.Independente da sua idade, g√™nero, ra√ßa, cor, credo, orienta√ß√£o, sexual, etnia, origem nacional ou defici√™ncia, te convidamos a fazer a diferen√ßa. Venha fazer parte do time KPMG!üè≥Ô∏è‚Äçüåà üè≥Ô∏è‚Äç‚ößÔ∏è ‚ôø ‚úäüèø ‚úùÔ∏è üïéVaga destinada √† KPMG Consultoria LTDA.Qual o seu momento de carreira? Voc√™ se identifica com a √°rea de Dados? Possui experi√™ncia Python? experi√™ncia com APIs, MongoDB, Databricks e Azure. Esta posi√ß√£o requer uma combina√ß√£o de habilidades t√©cnicas e anal√≠ticas para desenvolver solu√ß√µes escal√°veis e eficientes, focadas em intelig√™ncia artificial e processamento de grandes volumes de dados.? Gosta de lidar comNossa estrutura √© em S√£o Paulo, capital.Inspire Confidence. Empower Change.Aqui na KPMG: Fazemos o que √© certo #Integrity Aprendemos e nos aprimoramos #Excellence Pensamos e agimos de maneira arrojada #Courage Respeitamos uns aos outros e nos e nos fortalecemos com nossas diferen√ßas #Together Fazemos o que realmente importa #For BetterObs: Vaga em modelo h√≠brido em S√£o Paulo capital.Responsabilidades e atribui√ß√µesCaso seja aprovado(a), voc√™ ter√° a oportunidade de: Desenvolver e manter aplica√ß√µes backend robustas usando Python. Projetar e implementar APIs eficientes e seguras. Gerenciar bancos de dados MongoDB, garantindo performance e seguran√ßa dos dados. Utilizar Databricks para processamento de grandes volumes de dados e an√°lise. Implementar e otimizar solu√ß√µes na plataforma Azure, incluindo m√°quinas virtuais, servi√ßos de IA e armazenamento de dados. Colaborar com cientistas de dados e analistas para integrar algoritmos de intelig√™ncia artificial nas solu√ß√µes desenvolvidas. Escrever testes automatizados para garantir a qualidade e a confiabilidade do software. Participar ativamente nas decis√µes de arquitetura do sistema e contribuir com ideias inovadoras para melhorias.Requisitos e qualifica√ß√µesO que procuramos em voc√™? Profundo conhecimento em Python e experi√™ncia com desenvolvimento backend. Experi√™ncia com design e desenvolvimento de APIs RESTful. Conhecimento pr√°tico com MongoDB e outras tecnologias de banco de dados NoSQL. Experi√™ncia com Azure e familiaridade com seus servi√ßos relacionados a computa√ß√£o em nuvem e IA. Experi√™ncia pr√°tica com Databricks ou tecnologias similares de processamento de dados. Forte entendimento dos conceitos de intelig√™ncia artificial e sua aplica√ß√£o pr√°tica. Habilidade para trabalhar em equipe, boa comunica√ß√£o e capacidade anal√≠tica.Desej√°vel: Experi√™ncia com frameworks e bibliotecas de IA ‚Äì Consumo de APIs (OpenAi, StabilityAI) Conhecimento em t√©cnicas de otimiza√ß√£o e escalabilidade de sistemas. Experi√™ncia com integra√ß√£o cont√≠nua e entrega cont√≠nua (CI/CD).Informa√ß√µes adicionaisQuais as vantagens de ser KPMG? Aqui atuamos com as mais novas tecnologias; Nossos profissionais s√£o refer√™ncia no mercado; Somos uma das maiores empresas de presta√ß√£o de servi√ßo do mundo;Quais benef√≠cios oferecemos? Vale Refei√ß√£o Vale Alimenta√ß√£o Assist√™ncia M√©dica Assist√™ncia Odontol√≥gica Vale Transporte Benef√≠cio Bem-estar (Academia) Conv√™nio Farm√°cia Seguro de Vida Aux√≠lio Creche Incentivo a Gradua√ß√£o Subs√≠dio de √ìrg√£o de Classe Brinde Casamento Brinde Nascimento Short Friday Licen√ßa Maternidade Extendida Jornada de Trabalho Flex√≠vel Incentivo √† Idiomas PPL",https://www.linkedin.com/jobs/view/externalApply/4012048697?url=https%3A%2F%2Fkpmgbrasil%2Egupy%2Eio%2Fjob%2FeyJqb2JJZCI6NzcyMDIzNywic291cmNlIjoibGlua2VkaW4ifQ%3D%3D%3FjobBoardSource%3Dlinkedin&urlHash=MNnn&trk=public_jobs_apply-link-offsite_sign-up-modal-sign-up-later
Wipro,Python Developer,"Chennai, Tamil Nadu, India",5 days ago,Full-time,,"Expert in Python API programming and orchestration using kubernetes.As a Engineer resource will be able to work on a wide range of features in the Python Application development projects.Need to have idea on deployments, services, platform setup and optimization (multi-cluster or job queue mechanism)CICD exposure will be helpful.Preferring candidates with good communication and customer handling skills.Suppose to be writing, documenting and maintaining high quality code with Python, Kubernetes and Micro Services Architecture.Ipython",https://www.linkedin.com/jobs/view/externalApply/4015881131?url=https%3A%2F%2Fcareers%2Ewipro%2Ecom%2Fjobs%2F3094945%3Fmode%3Djob%26iis%3DSocial%252BMedia%26iisn%3DLinkedin%26lang%3Den-us%26utm_source%3DLinkedin&urlHash=BBwD&trk=public_jobs_apply-link-offsite_sign-up-modal-sign-up-later
LTIMindtree,Python Developer,"Chicago, IL",2 weeks ago,Full-time,"$90,000.00/yr - $125,000.00/yr","About Us:LTIMindtree is a global technology consulting and digital solutions company that enables enterprises across industries to reimagine business models, accelerate innovation, and maximize growth by harnessing digital technologies. As a digital transformation partner to more than 700+ clients, LTIMindtree brings extensive domain and technology expertise to help drive superior competitive differentiation, customer experiences, and business outcomes in a converging world. Powered by nearly 90,000 talented and entrepreneurial professionals across more than 30 countries, LTIMindtree ‚Äî a Larsen & Toubro Group company ‚Äî combines the industry-acclaimed strengths of erstwhile Larsen and Toubro Infotech and Mindtree in solving the most complex business challenges and delivering transformation at scale. For more information, please visit www.ltimindtree.com.Role: Python DeveloperLocation: Plano, TX/Chicago, IL/ Charlotte, NCJob Description:‚Ä¢ Expertise Python programming / web framework knowledge (like Django)‚Ä¢ Working knowledge and experience using threading limitation of Python and multi-process architecture.‚Ä¢ Familiarity with event driven programming in Python.‚Ä¢ Experience in scheduling jobs or trigger events programmatically.‚Ä¢ Hands on experience with JIRA, Agile methodology, source code management - GIT, SVN etc.‚Ä¢ Experience in Data Cleaning and Data transformation using Python‚Ä¢ Experience working with Pandas, Numpy and Regular Expressions in Python‚Ä¢ Identify Pattern and trends‚Ä¢ Strong understanding in building REST APIs/ Micro services architecture‚Ä¢ Good Development experience on Webservices(Flask), Web Apps‚Ä¢ Strong understanding of object-oriented programming‚Ä¢ Understanding of fundamental design principles for building a scalable application‚Ä¢ Proficient in implementing automated unit tests‚Ä¢ Hands on experience on L2 production support, incident management, code fixes using Python.LTIMindtree is an equal opportunity employer that is committed to diversity in the workplace. Our employment decisions are made without regard to race, color, creed, religion, sex (including pregnancy, childbirth or related medical conditions), gender identity or expression, national origin, ancestry, age, family-care status, veteran status, marital status, civil union status, domestic partnership status, military service, handicap or disability or history of handicap or disability, genetic information, atypical hereditary cellular or blood trait, union affiliation, affectional or sexual orientation or preference, or any other characteristic protected by applicable federal, state, or local law, except where such considerations are bona fide occupational qualifications permitted by law.",
Woolf Group,"Python Developer (¬£250,000 package)","London Area, United Kingdom",4 weeks ago,Full-time,"¬£100,000.00/yr - ¬£250,000.00/yr",Leading Fund with over ¬£50 billion Assets under Management are looking for a Python Developer to work on a number of business critical greenfield applications and systems upgrades.This role has end user business engagement Front to Back office and will play a critical role in shaping the future technology of the business.The technical stack is below and your skills will be engaged as they best fit the team but exceptional application development experience in a main programming language ideally with Python is required.Technical StackPythonReact.js Web ServicesSQL Server / Postgre SQL and other technologies,
Crossover,Full Stack Developer,Crossover ‚Ä¢ Multan,11 days ago,Full-time and Contractor,US$50 an hour,"Job description
Crossover is the world's #1 source of full-time remote jobs. Our clients offer top-tier pay for top-tier talent. We're recruiting this role for our client, LearnwithAI. Have you got what it takes?
Are you a full-stack engineer who thrives on complex challenges and is eager to make a real impact? Join our team to contribute to innovative products that deeply leverage AI, changing the way we work a
...
nd learn.
Join us to work on our exciting product portfolio:
‚Ä¢ TeachTap: Bringing historical figures to life using AI, offering an engaging, TikTok-like learning experience to make learning more relevant and fun.
‚Ä¢ Educational Content Generation: Utilizing the latest in generative AI combined with comprehensive learning materials to create captivating content.
‚Ä¢ TeachTower: A game-based motivation system inspired by popular games like Roblox and Minecraft, designed to make learning irresistibly fun.
‚Ä¢ Coachbot: A learning copilot that integrates with existing apps, guiding learning paths, recommending next steps, and rewarding daily progress.
What we offer:
‚Ä¢ The opportunity to work with cutting-edge technologies, including the latest in Angular, React, React Native, and AWS serverless patterns.
‚Ä¢ The opportunity to learn and experiment with using generative AI to boost your productivity.
‚Ä¢ A team of exceptionally talented engineers from around the world as your peers.
‚Ä¢ The chance to work on products that are making a real difference in people's lives.
We're not just using AI as a buzzword. We're at the start of a thrilling journey with generative AI, experimenting and learning to fully leverage its potential and free our engineers from mundane tasks, allowing them to focus on what truly matters: design, decision-making, and understanding the far-reaching implications of different implementation strategies.
Showcase your skills, not just your resume. Take on our challenges: 15-min Cognitive, 90-min Coding, 180-min Technical Decision-Making. Excel and you'll face a decisive interview with our Hiring Manager. More than half walk away with an offer. Ready to unleash your potential? Apply today!
What you will be doing
‚Ä¢ Building modern web apps using top-notch libraries and tools.
‚Ä¢ Enhancing cloud-native backends using the latest serverless cloud patterns, including AWS.
‚Ä¢ Reviewing code to ensure adherence to best practices, team standards, and customer requirements.
What you won‚Äôt be doing
‚Ä¢ Spending time on minor bug fixes or features in outdated codebases.
‚Ä¢ Dealing with tedious infrastructure to keep poorly written products running.
‚Ä¢ Getting stuck in endless meetings discussing roadmaps and priorities or chasing people around.
AI-Augmented Full-Stack Principal Engineer key responsibilities
Basic Requirements
‚Ä¢ At least 4 years of experience writing production code for both the frontend and backend of web applications (any framework).
‚Ä¢ At least 2 years of experience being the primary technical contributor for a development team OR software product.
‚Ä¢ An openness to learn to use generative AI in your day-to-day development work.
Nice-to-have Requirements
‚Ä¢ Experience in using generative AI in your day-to-day development work.
About LearnwithAI
LearnWith.AI is an edtech startup that leverages AI and subject matter experts to cultivate a new way of learning. Our unique approach leverages 50+ years of learning science, cutting-edge data analytics and AI-powered coaching. In doing so, we can help students learn more, learn faster, and learn better - and have fun while doing it. We are a remote-first company that hires globally via Crossover.",https://www.crossover.com/job-roles/software-engineering/pakistan/city/multan/c-a0q2j000007SQboAAG/learnwithai-full-stack-developer?utm_campaign=google_jobs_apply&utm_source=google_jobs_apply&utm_medium=organic
United Medical Billing Solutions,"Frontend Developer Jobs in Faisalabad, Islamabad, Karachi, Lahore, Multan, Peshawar, Quetta, Rawalpindi, Pakistan",United Medical Billing Solutions ‚Ä¢ Multan,,Full-time,,"Job description
Job Description: Frontend Developer at United Medical Billing Solutions
Responsibilities:
- Develop and maintain user-friendly interfaces for healthcare billing software
- Collaborate with backend developers and designers to improve user experience
- Optimize applications for maximum speed and scalability
- Troubleshoot and debug issues to ensure seamless functionality
Apply Now at Mustakbil.com
...
This job was originally posted on Mustakbil.com",https://pk.jooble.org/jdp/6447738112913173759?utm_campaign=google_jobs_apply&utm_source=google_jobs_apply&utm_medium=organic
Progley Technologies,Fullstack Developer,Progley Technologies ‚Ä¢ Multan,21 days ago,Full-time,,"Job description
Job Title: Fullstack Developer
Location: Multan (Onsite)
Salary: Starting at 50,000 to 150,000
Working Hours: 09:00 AM to 5:00 PM
Job Description:
We are seeking a versatile Fullstack Developer to join our team in Multan. The ideal candidate will have a strong background in both backend and frontend development, with expertise in PHP, Laravel, API integration, and modern JavaScript frameworks
...
. Additionally, experience with WordPress and Figma design is essential.
Key Responsibilities:
Develop and maintain web applications using PHP and Laravel for backend processes.
Integrate APIs to enhance application functionality and user experience.
Design and implement responsive and dynamic user interfaces using HTML, CSS, JavaScript, React.js, and Node.js.
Work with WordPress to develop and customize themes and plugins.
Collaborate with designers using Figma to translate design concepts into functional user interfaces.
Ensure high performance and scalability of applications.
Troubleshoot, test, and maintain software to ensure strong functionality and optimization.
Participate in code reviews and continuously seek to improve development processes.
Requirements:
Proven experience as a Fullstack Developer with expertise in PHP, Laravel, API integration, HTML, CSS, JavaScript, React.js, Node.js, WordPress, and Figma design.
Strong understanding of database management and server-side technologies.
Excellent problem-solving skills and attention to detail.
Strong communication and teamwork abilities.
Ability to work onsite in Multan during specified working hours.
Benefits:
Competitive salary with opportunities for career advancement.
Collaborative and innovative work environment.
Opportunity to work on diverse and challenging projects.
If you are a skilled Fullstack Developer with a passion for creating exceptional digital experiences, we invite you to apply. Join our team and contribute to our mission of delivering top-notch IT solutions.
How to Apply:
Please send your resume and a cover letter highlighting your relevant experience to info@progley.com with the subject line ""Fullstack Developer Application - Multan.""","https://pk.linkedin.com/jobs/view/fullstack-developer-at-progley-technologies-3994637594?utm_campaign=google_jobs_apply&utm_source=google_jobs_apply&utm_medium=organic, https://pk.indeed.com/viewjob?jk=33a8ae767b369b4c&utm_campaign=google_jobs_apply&utm_source=google_jobs_apply&utm_medium=organic, https://www.itjobsinpakistan.com/jobs/view/fullstack-developer-7?utm_campaign=google_jobs_apply&utm_source=google_jobs_apply&utm_medium=organic"
Arwa Technologies,Senior .NET Full Stack Developer,Arwa Technologies ‚Ä¢ Multan,6 days ago,Full-time,,"Job description
Job Description:
We are seeking a Senior .NET Full Stack Developer to join our dynamic development team onsite. As a key contributor, you will work on end-to-end development processes, delivering cutting-edge software solutions. This role requires hands-on experience in front-end and back-end technologies, along with strong problem-solving skills and a passion for coding.
Key Responsibilities:
‚Ä¢
...
¬†Develop and maintain robust, scalable, and secure applications using .NET Core, C#, and related technologies.
‚Ä¢ Lead the entire software development life cycle, including design, development, deployment, and maintenance of web applications.
‚Ä¢ Design, develop, and implement RESTful APIs, microservices, and backend services.
‚Ä¢ Collaborate with cross-functional teams, including designers, QA engineers, and product managers, to create highly interactive, responsive, and user-friendly interfaces.
‚Ä¢ Ensure high-quality code through code reviews, writing unit tests, and implementing best coding practices such as SOLID principles and SOC architecture.
‚Ä¢ Work with cloud platforms (Azure/AWS) for deploying, managing, and scaling applications.
‚Ä¢ Migrate legacy systems to modern technologies such as ASP.NET MVC, Blazor, and Angular/React.
‚Ä¢ Optimize application performance and scalability, including troubleshooting and bug fixing.
‚Ä¢ Participate in technical discussions, decision-making, and the mentoring of junior developers.
Required Qualifications:
‚Ä¢ Bachelor's degree in Computer Science, Information Technology, or a related field.
‚Ä¢ 5+ years of experience in .NET development with proficiency in C#, ASP.NET, .NET Core.
‚Ä¢ Strong front-end development skills in Angular, React, HTML5, CSS3, and JavaScript.
‚Ä¢ Experience working with relational databases such as SQL Server, PostgreSQL, and familiarity with NoSQL databases like MongoDB.
‚Ä¢ Expertise in building and consuming RESTful APIs, Web Services, and Microservices.
‚Ä¢ Experience in cloud technologies like Microsoft Azure or AWS.
‚Ä¢ Familiarity with DevOps practices such as CI/CD pipelines and source control tools (Git).
‚Ä¢ Experience in developing and maintaining enterprise-scale applications.
‚Ä¢ Excellent problem-solving skills, attention to detail, and the ability to prioritize tasks effectively.
‚Ä¢ Strong communication skills and the ability to collaborate in a fast-paced, team-oriented environment.
Preferred Qualifications:
‚Ä¢ Experience with Docker, Kubernetes, or other containerization technologies.
‚Ä¢ Knowledge of modern UI/UX design patterns.
‚Ä¢ Familiarity with Agile/Scrum development methodologies.
‚Ä¢ Microsoft certifications in Azure or .NET technologies are a plus.
What We Offer:
‚Ä¢ Competitive salary and benefits.
‚Ä¢ Opportunities for career growth and professional development.
‚Ä¢ Collaborative work environment with exposure to cutting-edge technologies.
‚Ä¢ Onsite amenities and a supportive team culture.
If you are passionate about developing world-class applications and looking to make an impact, we encourage you to apply.
Job Type: Full-time
Pay: From Rs300,000.00 per month
Ability to commute/relocate:
‚Ä¢ Multan: Reliably commute or planning to relocate before starting work (Required)
Experience:
‚Ä¢ .NET Development: 5 years (Required)
Language:
‚Ä¢ English (Required)
Location:
‚Ä¢ Multan (Preferred)","https://pk.indeed.com/viewjob?jk=cf0ea37bee08c64d&utm_campaign=google_jobs_apply&utm_source=google_jobs_apply&utm_medium=organic, https://www.glassdoor.com/job-listing/senior-net-full-stack-developer-arwa-technologies-JV_IC2971546_KO0,31_KE32,49.htm?jl=1009435168655&utm_campaign=google_jobs_apply&utm_source=google_jobs_apply&utm_medium=organic, https://ur.jobs-search.org/architecture-construction_multan-c356423/senior-net-full-stack-developer-multan_i2333201202?utm_campaign=google_jobs_apply&utm_source=google_jobs_apply&utm_medium=organic, https://pk.jooble.org/jdp/8957100438810370848?utm_campaign=google_jobs_apply&utm_source=google_jobs_apply&utm_medium=organic"
Retro vGames,"Full Stack Manager (Onsite), 10+ Years Experience",Retro vGames ‚Ä¢ Multan,25 days ago,Full-time,,"Job description
Location: Multan
Role Description
This is a full-time role for a Full Stack Manager / Developer at Retro vGames. As a Full Stack Developer, you will be responsible for both front-end and back-end development. Your day-to-day tasks will include building and maintaining efficient, secure, and scalable web applications, collaborating with cross-functional teams, and implementing responsive user int
...
erfaces using PHP, CSS, Vue js, React js, expertise in APIs integrations and other technologies.
Qualifications
‚Ä¢ Strong experience in Back-End Web Development, Front-End Development, and Full-Stack Development, Strong understanding of PHP and its frames works like symphony, laravel, codeigniter, wordpress object-oriented programming (OOP) concepts, and MVC architecture.
‚Ä¢ Proficiency in front-end technologies such as HTML, CSS, JavaScript, Vue.js, React, and responsive design principles.
‚Ä¢ Experience with database systems, particularly MySQL, MongoDB, and AWS.
‚Ä¢ Familiarity with version control systems, such as Git.
‚Ä¢ Knowledge of RESTful API development and integration.
‚Ä¢ Understanding of software development principles, design patterns, and coding best practices.
‚Ä¢ Strong problem-solving and analytical skills.
‚Ä¢ Excellent communication and collaboration skills.
‚Ä¢ Ability to work independently and as part of a team in a fast-paced, deadline-driven environment
‚Ä¢ Solid experience of designing interfaces, platform such as woocommerce & wordpress.
Experience:
‚Ä¢ Development: 10 years (Preferred)
Job Type: Full-time
Pay: Rs125,000.00 - Rs250,000.00 per month","https://pk.indeed.com/viewjob?jk=87d29c324239664d&utm_campaign=google_jobs_apply&utm_source=google_jobs_apply&utm_medium=organic, https://www.glassdoor.com/job-listing/full-stack-manager-remote-10-years-experience-retro-vgames-JV_IC2971546_KO0,45_KE46,58.htm?jl=1009409561471&utm_campaign=google_jobs_apply&utm_source=google_jobs_apply&utm_medium=organic, https://ur.jobs-search.org/architecture-construction_multan-c356423/job_i2331587453?utm_campaign=google_jobs_apply&utm_source=google_jobs_apply&utm_medium=organic, https://pk.jooble.org/jdp/-9087250963426389924?utm_campaign=google_jobs_apply&utm_source=google_jobs_apply&utm_medium=organic"
Hashtag Web,Junior MERN Stack Developer,Hashtag Web ‚Ä¢ Multan,,Full-time,Rs¬†20K‚ÄìRs¬†65K a month,"Job description
We are looking for a Junior MERN Stack Developer
As a Junior Developer at Hashtag Web, you will play a pivotal role in helping us build cutting-edge web applications and solutions. You will work closely with our experienced development team, contributing to the development and maintenance of web applications. This role is an excellent opportunity for someone looking to gain hands-on experience in
...
¬†web development and grow their skills in a supportive and collaborative environment.
Key Responsibilities:
‚Ä¢ Collaborate with senior developers to design and implement user-friendly web applications.
‚Ä¢ Write clean, maintainable, and efficient code using HTML, CSS, JavaScript, and React.
‚Ä¢ Utilize the Tailwind CSS framework to create responsive and visually appealing user interfaces.
‚Ä¢ Work with Node.js and MongoDB to develop and integrate back-end features, including RESTful APIs, routes, and middlewares.
‚Ä¢ Implement error handling and debugging processes to ensure smooth application functionality.
‚Ä¢ Collaborate with the team on version control using GIT to maintain codebase integrity.
‚Ä¢ Contribute to code reviews, identifying areas for improvement and adherence to coding standards.
‚Ä¢ Stay up-to-date with industry best practices and emerging technologies in web development.
‚Ä¢ Assist in the documentation of technical specifications and project-related information.
Qualifications:
‚Ä¢ Strong proficiency in HTML, CSS, and JavaScript.
‚Ä¢ Experience with the React framework for front-end development.
‚Ä¢ Familiarity with Tailwind CSS for responsive and efficient UI design.
‚Ä¢ Knowledge of Node.js and MongoDB for back-end development.
‚Ä¢ Understanding of RESTful API design and integration.
‚Ä¢ Ability to create and manage routes and middlewares.
‚Ä¢ Solid grasp of error handling and debugging techniques.
‚Ä¢ GIT version control proficiency.
‚Ä¢ Strong problem-solving skills and attention to detail.
‚Ä¢ Excellent communication and teamwork abilities.
‚Ä¢ Eagerness to learn and adapt to new technologies.",https://jobee.pk/jobdetail/junior-mern-stack-developer-c31c2545caa8af4b?utm_campaign=google_jobs_apply&utm_source=google_jobs_apply&utm_medium=organic
Crossover,Senior Flutter Developer,Crossover ‚Ä¢ Multan,11 days ago,Full-time and Contractor,US$50 an hour,"Job description
Crossover is the world's #1 source of full-time remote jobs. Our clients offer top-tier pay for top-tier talent. We're recruiting this role for our client, gt.school. Have you got what it takes?
Are you passionate about creating high-quality applications that truly matter? We‚Äôre looking for someone who values clean, modular code, aligns with our emphasis on high-quality work, and is eager to take
...
¬†ownership of a product that is pivotal to our vision. If shaping the next generation of grade school education sounds exciting, this opportunity might be perfect for you.
At gt. school, our focus isn‚Äôt just on creating another app; we're pioneering an innovative approach to learning by integrating modern techniques like advanced AI, adaptive computer-based training, gamification, and continuous feedback. At the heart of it all, our app draws inspiration from popular platforms like TikTok, allowing learners to have an immersive feed experience, making education interactive, engaging, and truly enjoyable.
This role demands ownership and independence; we believe that restricting oneself to front-end or back-end is counterproductive. Here, we advocate for full-spectrum development. If a tweak in the API or a backend validation is needed, we trust you'll handle it. Your decisions will significantly shape the product and ensure a seamless and intuitive experience for our users.
Your responsibilities will include transforming UI designs into functional app features, investigating and fixing bugs, and collaborating with our product and backend teams to ensure consistent functionality. While the fast-paced environment is challenging, the reward in terms of both personal growth and the tangible impact on students is immense.
If this resonates with you, and you're up for the challenge of making a significant difference in the EdTech space, we would love to hear from you!
What you will be doing
‚Ä¢ Taking high-fidelity UI designs and transforming them into interactive and efficient mobile app features
‚Ä¢ Integrating screens with our modern GraphQL APIs, ensuring data consistency and responsiveness
‚Ä¢ Participating in both automated and manual reviews to maintain our standards for clean, modular code
‚Ä¢ Collaborating with product managers and UX designers to ensure the functionality, reliability, and user-friendliness of the app
What you won‚Äôt be doing
‚Ä¢ Building components from scratch - you'll leverage existing high-quality solutions for efficiency
‚Ä¢ Getting stuck in endless approval loops - we value swift decision-making and autonomy
‚Ä¢ Isolated tasks - you will collaborate closely with a supportive product and backend team
Senior Mobile Engineer key responsibilities
Delivering a high-quality application that serves as the primary interface for students in our cutting-edge computer-based learning environment
Basic Requirements
‚Ä¢ At least 5 years of experience developing mobile applications
‚Ä¢ At least 2 years in a leadership role, making technical design decisions for mobile applications
‚Ä¢ Experience using React Native for cross-platform app development
About gt.school
GT School is an EdTech Startup that leverages technology, AI, and subject matter experts to cultivate a new way of learning. Our unique approach leverages 50+ years of learning science, cutting-edge data analytics and high-performance coaching. In doing so, we can help students learn more, learn faster, and learn better - and have fun while doing it. We are a remote-first company that hires globally via Crossover.",https://sandbox-profile.crossover.com/job-roles/software-engineering/pakistan/city/multan/c-a0q2j000005XQCLAA4/gt.school-senior-flutter-developer?utm_campaign=google_jobs_apply&utm_source=google_jobs_apply&utm_medium=organic
Vizro Pvt Ltd,Front End Developer,Vizro Pvt Ltd ‚Ä¢ Multan,,Full-time,Rs¬†30K‚ÄìRs¬†35K a month,"Job description
We are looking for a Front-End Web Developer who is motivated to combine the art of design with the art of programming. Responsibilities will include translation of the UI/UX design wireframes to actual code that will produce visual elements of the application. You will work with the UI/UX designer to bridge the gap between graphical design and technical implementation, taking an active role on bo
...
th sides and defining how the application looks and works.
Responsibilities
‚Ä¢ Build reusable code and libraries for future use
‚Ä¢ Ensure the technical feasibility of UI/UX designs
‚Ä¢ Optimize application for maximum speed and scalability
‚Ä¢ Assure that all user input is validated before submitting to the back-end
‚Ä¢ Collaborate with other team members and stakeholders
‚Ä¢ {Add other responsibilities that are relevant}
‚Ä¢ Develop new user-facing features skills and Qualifications
‚Ä¢ Proficient understanding of web markup, including HTML5, CSS3
‚Ä¢ Basic understanding of server-side CSS pre-processing platforms, such as LESS and SASS
‚Ä¢ Proficient understanding of client-side scripting and JavaScript frameworks, including jQuery
‚Ä¢ Good understanding of asynchronous request handling, and partial page updates.
‚Ä¢ Basic knowledge of image authoring tools, to be able to crop, resize, or perform small adjustments on an image. Familiarity with tools such as Adobe Illustrator or Photoshop is a plus.
‚Ä¢ A UI/UX designer is expected to deliver finished resources for the developer to incorporate into the app. However, quite often a front-end web developer needs to make some small adjustments and cooperate with the graphic designer.
‚Ä¢ Proficient understanding of cross-browser compatibility issues and ways to work around them.
Education & Experience:
‚Ä¢ Bachelor's in Computer Science (Preferred)
‚Ä¢ Experience: Minimum 3 Maximum 5 years
BENEFITS:
‚Ä¢ Market-leading Salary
‚Ä¢ Medical Coverage
‚Ä¢ Leave Encashment
‚Ä¢ Company Provided Lunch
‚Ä¢ Work-Life Balance
‚Ä¢ Sporadic On-shore training opportunities
‚Ä¢ Friendly work environment
Job Type: Full-time
Salary: From 45, to 70, /PKR per month",https://jobee.pk/jobdetail/front-end-developer-72059fdc831c8317?utm_campaign=google_jobs_apply&utm_source=google_jobs_apply&utm_medium=organic
KK IT Solutions Pvt LTD,Javascript Developer,KK IT Solutions Pvt LTD ‚Ä¢ Multan,3 days ago,Full-time,,"Job description
Company Description
Welcome to KKITSOLUTIONS, a Multan-based web and android development service that specializes in providing development & design services for startups. Our core clients are startups looking to build their products from scratch. Our expertise lies in Custom Software Development, Mobile Application Development, Project Management, and Web Application Development.
Role Descriptio
...
n
This is a full-time, on-site role for a Javascript Developer at KK IT Solutions Pvt LTD in Multan. The Javascript Developer will be responsible for front-end development, back-end web development, software development, and utilizing technologies such as JavaScript and Redux.js.
Qualifications
‚Ä¢ Front-End Development and JavaScript skills
‚Ä¢ Back-End Web Development and Software Development expertise
‚Ä¢ Experience with technologies like Redux.js
‚Ä¢ Strong problem-solving and analytical skills
‚Ä¢ Ability to work collaboratively in a team environment
‚Ä¢ Bachelor‚Äôs degree in Computer Science or related field
‚Ä¢ Experience in mobile application development is a plus
Seniority level
Entry level
Employment type
Full-time
Job function
Engineering and Information Technology
Industries
Software Development
#J-18808-Ljbffr",https://pk.jooble.org/jdp/6253933612994482608?utm_campaign=google_jobs_apply&utm_source=google_jobs_apply&utm_medium=organic
Doglobe Technologies pvt limited,Full Stack Developer / Web Developer,Doglobe Technologies pvt limited ‚Ä¢ Multan,,Full-time,Rs¬†50K‚ÄìRs¬†75K a month,"Job description
We are seeking a skilled and experienced Full Stack Developer. As a Full Stack Developer, you will play a crucial role in the design, development, and maintenance of web applications. This is a fully remote position, offering flexibility and the opportunity to work in a dynamic and collaborative environment.
Responsibilities:
‚Ä¢ Collaborate and analyze business requirements and translate them into
...
¬†technical solutions.
‚Ä¢ Design, develop, and maintain web applications using modern technologies and best practices.
‚Ä¢ Develop and implement front-end and back-end functionalities to create seamless user experiences.
‚Ä¢ Write clean, efficient, and reusable code for both client-side and server-side development.
‚Ä¢ Conduct thorough testing and debugging of applications to ensure high-quality deliverables.
‚Ä¢ Participate in code reviews, providing constructive feedback and suggestions for improvement.
‚Ä¢ Stay updated on industry trends, technologies, and best practices, and apply them to enhance the development process.
‚Ä¢ Collaborate with the product management team to refine and prioritize features and functionalities.
‚Ä¢ Troubleshoot and resolve issues reported by users or identified through testing.
‚Ä¢ Ensure the security, scalability, and performance of applications.
‚Ä¢ Document technical specifications, processes, and procedures.
Requirements:
‚Ä¢ 5+ years of professional experience as a Full Stack Developer.
‚Ä¢ Proficiency in front-end technologies such as HTML, CSS, JavaScript, and modern JavaScript frameworks (e.g., React, Angular, Vue.js).
‚Ä¢ Strong understanding and experience with server-side technologies such as Node.js, Python, Ruby, or Java.
‚Ä¢ Extensive experience with databases and query languages (e.g., SQL, NoSQL).
‚Ä¢ Solid understanding of RESTful APIs and web services.
‚Ä¢ Familiarity with version control systems (e.g., Git) and collaborative development workflows.
‚Ä¢ Experience with cloud platforms (e.g., AWS, Azure, GCP) and deployment processes.
‚Ä¢ Strong problem-solving and analytical skills.
‚Ä¢ Excellent communication and teamwork abilities.
‚Ä¢ Self-motivated and able to work independently in a remote work environment.
‚Ä¢ Bachelor's degree in Computer Science, Engineering, or a related field (preferred).
Benefits:
‚Ä¢ Competitive salary package.
‚Ä¢ Fully remote work environment.
‚Ä¢ Flexible working hours.
‚Ä¢ Opportunity to work with a diverse and talented team.
‚Ä¢ Professional growth and development opportunities.",https://jobee.pk/jobdetail/full-stack-developer-web-developer-5bd75d673979bcb5?utm_campaign=google_jobs_apply&utm_source=google_jobs_apply&utm_medium=organic
United Medical Billing Solutions,"Frontend Developer Jobs in Faisalabad, Islamabad, Karachi, Lahore, Multan, Peshawar, Quetta, Rawalpindi, Pakistan",United Medical Billing Solutions ‚Ä¢ Multan,,Full-time,,"Job description
Job Description: Frontend Developer at United Medical Billing Solutions
Responsibilities:
- Develop and maintain user-friendly interfaces for healthcare billing software
- Collaborate with backend developers and designers to improve user experience
- Optimize applications for maximum speed and scalability
- Troubleshoot and debug issues to ensure seamless functionality
Apply Now at Mustakbil.com
...
This job was originally posted on Mustakbil.com",https://pk.jooble.org/jdp/6447738112913173759?utm_campaign=google_jobs_apply&utm_source=google_jobs_apply&utm_medium=organic
Intravar (Private) Limited,Angular Developer,Intravar (Private) Limited ‚Ä¢ Multan,23 days ago,Full-time,Rs¬†40K‚ÄìRs¬†60K a month,"Job description
We are seeking a skilled Angular Developer to help us build and maintain scalable web applications. The ideal candidate will have a strong understanding of Angular framework, experience with front-end development, and a passion for creating user-friendly interfaces.
Key Responsibilities:
‚Ä¢ Develop and maintain web applications using Angular.
‚Ä¢ Collaborate with back-end developers and designers to
...
¬†implement front-end solutions.
‚Ä¢ Optimise applications for maximum speed and scalability.
‚Ä¢ Write clean, maintainable, and efficient code.
‚Ä¢ Troubleshoot and debug applications.
‚Ä¢ Stay up-to-date with the latest industry trends and technologies.
Requirements:
‚Ä¢ Proven experience as an Angular Developer or similar role.
‚Ä¢ Proficiency in Angular 2+ and TypeScript.
‚Ä¢ Strong understanding of HTML, CSS, and JavaScript.
‚Ä¢ Experience with RESTful services and APIs.
‚Ä¢ Familiarity with version control systems such as Git.
‚Ä¢ Ability to work independently and as part of a team.
‚Ä¢ Excellent problem-solving skills and attention to detail.
Preferred Qualifications:
‚Ä¢ Experience with other front-end frameworks like React or Next.js.
‚Ä¢ Knowledge of responsive design principles.
‚Ä¢ Experience with Agile development methodologies.
‚Ä¢ Bachelor‚Äôs degree in Computer Science or a related field.
Job Type: Full-time
Pay: Rs40,000.00 - Rs60,000.00 per month
Application Deadline: 31/08/2024
Expected Start Date: 02/09/2024","https://pk.indeed.com/viewjob?jk=03c480abffd26a14&utm_campaign=google_jobs_apply&utm_source=google_jobs_apply&utm_medium=organic, https://www.glassdoor.com/job-listing/angular-developer-intravar-private-limited-JV_IC2971546_KO0,17_KE18,42.htm?jl=1009410505112&utm_campaign=google_jobs_apply&utm_source=google_jobs_apply&utm_medium=organic, https://pk.jooble.org/jdp/958382984060797468?utm_campaign=google_jobs_apply&utm_source=google_jobs_apply&utm_medium=organic, https://en-pk.whatjobs.com/job/Angular-Developer/multan/3162088?utm_campaign=google_jobs_apply&utm_source=google_jobs_apply&utm_medium=organic"
Crossover,"Mobile Application Developer (iOS, Swift)",Crossover ‚Ä¢ Multan,11 days ago,Full-time and Contractor,US$50 an hour,"Job description
Crossover is the world's #1 source of full-time remote jobs. Our clients offer top-tier pay for top-tier talent. We're recruiting this role for our client, LearnwithAI. Have you got what it takes?
Are you a skilled mobile engineer with a passion for engineering excellence? Join us at LearnWith.AI, where we are revolutionizing education by integrating AI, gamification, and adaptive learning into o
...
ur products.
Your role will be pivotal in developing TeachTap, an app that brings historical figures to life using AI, creating a TikTok-like learning experience that's both fun and educational. You'll be responsible for transforming UI designs into functional app features, fixing bugs, and collaborating closely with our product and backend teams to deliver a seamless, engaging user experience.
This role offers you the chance to shape the future of education while growing your skills in a fast-paced environment. You'll have significant ownership over the product, directly influencing its architecture, design, and functionality. We're just beginning to explore the potential of generative AI, and you'll play a key role in harnessing its power to free our engineers from routine tasks, enabling you to focus on impactful, strategic work.
What we offer:
‚Ä¢ The chance to work with cutting-edge technologies in education and mobile app development,
‚Ä¢ A platform to showcase your engineering prowess, directly impacting how students learn,
‚Ä¢ A dynamic environment where technical innovation is not just encouraged but required.
We're looking for engineers who can deliver solutions at the highest level of quality. If you're passionate about creating robust, efficient, and maintainable code that meets the most rigorous engineering standards, we want to hear from you. Join us in revolutionizing education through cutting-edge app development!
What you will be doing
‚Ä¢ Taking high-fidelity UI designs and transforming them into interactive and efficient mobile app features,
‚Ä¢ Integrating screens with our modern APIs, ensuring data consistency and responsiveness,
‚Ä¢ Collaborating with cross-functional teams to translate complex educational concepts into elegant technical solutions.
What you won‚Äôt be doing
‚Ä¢ Getting stuck in endless approval loops - we value swift decision-making and autonomy.
‚Ä¢ Writing code that merely 'works' without considering scalability, maintainability, and performance,
‚Ä¢ Isolated tasks - you will collaborate closely with a supportive product and backend team.
Senior Mobile Engineer key responsibilities
‚Ä¢ Delivering high-quality apps that serve as the primary interface for students in our online learning environment.
‚Ä¢ Continuously improving and optimizing our codebase to meet evolving educational and technological needs.
Basic Requirements
‚Ä¢ At least 4 years of experience developing mobile applications (any platform).
‚Ä¢ At least 2 years of experience being the primary technical contributor for a development team OR software product.
‚Ä¢ Experience using React Native for cross-platform app development.
Nice-to-have Requirements
‚Ä¢ Experience building educational apps,
‚Ä¢ Knowledge of using generative AI in app development.
About LearnwithAI
LearnWith.AI is an edtech startup that leverages AI and subject matter experts to cultivate a new way of learning. Our unique approach leverages 50+ years of learning science, cutting-edge data analytics and AI-powered coaching. In doing so, we can help students learn more, learn faster, and learn better - and have fun while doing it. We are a remote-first company that hires globally via Crossover.","https://www.crossover.com/job-roles/software-engineering/pakistan/city/multan/c-a0q2j000001Wk4LAAS/learnwithai-mobile-application-developer-%28ios,-swift%29?utm_campaign=google_jobs_apply&utm_source=google_jobs_apply&utm_medium=organic"
INSTACOM PVT .LTD,Junior Full Stack Developer,INSTACOM PVT .LTD ‚Ä¢ Multan,,Full-time,Rs¬†35K‚ÄìRs¬†45K a month,"Job description
InstaCom is seeking a highly skilled and motivated FullStack Developer with expertise in frontend React Js, backend Node Js, Express Js and Laravel, database MySQL and MongoDB, Join our dynamic team and contribute to the development of cutting-edge web applications and services.
Responsibilities:
‚Ä¢ Develop and implement scalable and efficient web applications using React Js for the front end and 
...
Node Js, Express for the backend.
‚Ä¢ Collaborate with the design team to ensure seamless integration of user interfaces and implement responsive design.
‚Ä¢ Write clean, maintainable, and well-documented code, following best practices and coding standards.
‚Ä¢ Design and optimize database structure and queries to enhance application performance.
‚Ä¢ Implement secure authentication and authorization mechanisms.
‚Ä¢ Conduct through testing and debugging of applications to ensure high-quality software delivery.
‚Ä¢ Stay updated with the latest industry trends and technologies, and share knowledge with the team.
‚Ä¢ Collaborate with the cross-functional teams, including designer, development team, QA engineers, to deliver successful projects.
Requirements:
‚Ä¢ Solid experience working as a FullStack Developer, specializing in front React Js and backend Node Js, Express and Laravel.
‚Ä¢ Proficiency in JavaScript, HTML, CSS, and related frontend technologies.
‚Ä¢ Strong understanding of React Js framework, including React Router, React Hooks ect.
‚Ä¢ In-depth knowledge of Node Js Latest version and for writing server-side web application logic in JavaScript and its variants.
‚Ä¢ Expert in Laravel framework and its ecosystem, including Eloquent ORM, Blade templates, and Laravel Mix.
‚Ä¢ Familiarity with RESTful API development and consumption.
‚Ä¢ Proficient in database design, optimization, and querying using MySQL and familiar with mongoDB or similar database.
‚Ä¢ Version control experience with Git or other similar systems.","https://jobee.pk/jobdetail/junior-full-stack-developer-51c7306eae676d31?utm_campaign=google_jobs_apply&utm_source=google_jobs_apply&utm_medium=organic, https://pk.jooble.org/jdp/-5452241595552667483?utm_campaign=google_jobs_apply&utm_source=google_jobs_apply&utm_medium=organic, https://jobs-search.org/technology_multan-c356423/full-stack-web-developer_i2311455288?utm_campaign=google_jobs_apply&utm_source=google_jobs_apply&utm_medium=organic"
DATABEYS,Node Js Developer,DATABEYS ‚Ä¢ Multan,,Full-time,,"Job description
To ensure success as a Node.js developer, you should possess extensive knowledge of Node.Js based services and experience in a similar role. An accomplished Node.js developer will be someone whose expertise results in the stable, fast, and secure exchange of data between servers and end-users. Responsibilities: - Developing and maintaining all server-side network components. - Ensuring optimal per
...
formance of the central database and responsiveness to front-end requests. - Collaborating with front-end developers on the integration of elements. - Designing customer-facing UI and back-end services for various business processes. - Implementing effective security protocols, data protection measures, and storage solutions. - Running diagnostic tests, repairing defects, and providing technical support. - Documenting Node.js processes, including database schemas, as well as preparing reports. - Recommending and implementing improvements to processes and technologies. - Keeping informed of advancements in the field of Node.js development. Requirements: - Bachelor's degree in computer science, information science, or similar. - At least two years' experience as a Node.js developer. - Extensive knowledge of JavaScript, web stacks, libraries, and frameworks. - Knowledge of front-end technologies such as HTML5 and CSS3. - Superb interpersonal, communication, and collaboration skills. - Exceptional analytical and problem-solving aptitude. - Great organizational and time management skills. Salary: Rs30,000.00 - Rs50,000.00 per month Ability to commute/relocate: - Multan: Reliably commute or planning to relocate before starting work (required)",https://www.emprego.pt/en/jobs/show/30651675562999851729539723788?utm_campaign=google_jobs_apply&utm_source=google_jobs_apply&utm_medium=organic
Tech Nebula,Front-End Developer - React,Tech Nebula ‚Ä¢ Multan,,Full-time,Rs¬†25K‚ÄìRs¬†80K a month,"Job description
Job Info:
‚Ä¢ Company: Tech Nebula
‚Ä¢ Position: Front-End Developer - React
‚Ä¢ Region: Multan, Punjab
‚Ä¢ Seniority Level: Entry level
‚Ä¢ Salary: PKR 25.000 - PKR 80.000 per Month
‚Ä¢ Job Type: Full-time
‚Ä¢ Industry: IT Services and IT Consulting
We are seeking a talented and passionate Front-End Developer to join our dynamic team in Multan. If you have a knack for creating stunning web interfaces and a de
...
ep understanding of React, we want to hear from you.
Key Responsibilities:
‚Ä¢ Develop and maintain high-quality web applications using React.
‚Ä¢ Collaborate with the design and backend teams to implement user-friendly and responsive interfaces.
‚Ä¢ Optimize components for maximum performance across various devices and browsers.
‚Ä¢ Troubleshoot and debug issues to ensure smooth user experiences.
‚Ä¢ Stay updated with the latest industry trends and technologies to continuously improve our products.
Qualifications:
‚Ä¢ Proven experience as a Front-End Developer with a strong portfolio of previous work.
‚Ä¢ Proficiency in React, JavaScript, HTML, and CSS.
‚Ä¢ Experience with RESTful APIs and modern front-end build pipelines and tools.
‚Ä¢ Familiarity with version control systems such as Git.
‚Ä¢ Strong problem-solving skills and attention to detail.
‚Ä¢ Excellent communication and teamwork abilities.
Why Join Us?
‚Ä¢ Competitive salary and benefits package.
‚Ä¢ Opportunity to work on cutting-edge projects.
‚Ä¢ Collaborative and innovative work environment.
‚Ä¢ Professional growth and development opportunities.
If you are excited about building the future of web development and want to be part of a forward-thinking company, apply now.
üìß How to Apply:
Send your resume and portfolio to info@technebula.dev with the subject line ‚ÄúFront-End Developer Application ‚Äì Multan‚Äù.",https://indotim.net/pk/front-end-developer-react-tech-nebula-multan-punjab/?utm_campaign=google_jobs_apply&utm_source=google_jobs_apply&utm_medium=organic
Progley Technologies,Fullstack Developer,Progley Technologies ‚Ä¢ Multan,21 days ago,Full-time,,"Job description
Job Title: Fullstack Developer
Location: Multan (Onsite)
Salary: Starting at 50,000 to 150,000
Working Hours: 09:00 AM to 5:00 PM
Job Description:
We are seeking a versatile Fullstack Developer to join our team in Multan. The ideal candidate will have a strong background in both backend and frontend development, with expertise in PHP, Laravel, API integration, and modern JavaScript frameworks
...
. Additionally, experience with WordPress and Figma design is essential.
Key Responsibilities:
Develop and maintain web applications using PHP and Laravel for backend processes.
Integrate APIs to enhance application functionality and user experience.
Design and implement responsive and dynamic user interfaces using HTML, CSS, JavaScript, React.js, and Node.js.
Work with WordPress to develop and customize themes and plugins.
Collaborate with designers using Figma to translate design concepts into functional user interfaces.
Ensure high performance and scalability of applications.
Troubleshoot, test, and maintain software to ensure strong functionality and optimization.
Participate in code reviews and continuously seek to improve development processes.
Requirements:
Proven experience as a Fullstack Developer with expertise in PHP, Laravel, API integration, HTML, CSS, JavaScript, React.js, Node.js, WordPress, and Figma design.
Strong understanding of database management and server-side technologies.
Excellent problem-solving skills and attention to detail.
Strong communication and teamwork abilities.
Ability to work onsite in Multan during specified working hours.
Benefits:
Competitive salary with opportunities for career advancement.
Collaborative and innovative work environment.
Opportunity to work on diverse and challenging projects.
If you are a skilled Fullstack Developer with a passion for creating exceptional digital experiences, we invite you to apply. Join our team and contribute to our mission of delivering top-notch IT solutions.
How to Apply:
Please send your resume and a cover letter highlighting your relevant experience to info@progley.com with the subject line ""Fullstack Developer Application - Multan.""","https://pk.linkedin.com/jobs/view/fullstack-developer-at-progley-technologies-3994637594?utm_campaign=google_jobs_apply&utm_source=google_jobs_apply&utm_medium=organic, https://pk.indeed.com/viewjob?jk=33a8ae767b369b4c&utm_campaign=google_jobs_apply&utm_source=google_jobs_apply&utm_medium=organic, https://www.itjobsinpakistan.com/jobs/view/fullstack-developer-7?utm_campaign=google_jobs_apply&utm_source=google_jobs_apply&utm_medium=organic"
Arwa Technologies,Senior .NET Full Stack Developer,Arwa Technologies ‚Ä¢ Multan,6 days ago,Full-time,,"Job description
Job Description:
We are seeking a Senior .NET Full Stack Developer to join our dynamic development team onsite. As a key contributor, you will work on end-to-end development processes, delivering cutting-edge software solutions. This role requires hands-on experience in front-end and back-end technologies, along with strong problem-solving skills and a passion for coding.
Key Responsibilities:
‚Ä¢
...
¬†Develop and maintain robust, scalable, and secure applications using .NET Core, C#, and related technologies.
‚Ä¢ Lead the entire software development life cycle, including design, development, deployment, and maintenance of web applications.
‚Ä¢ Design, develop, and implement RESTful APIs, microservices, and backend services.
‚Ä¢ Collaborate with cross-functional teams, including designers, QA engineers, and product managers, to create highly interactive, responsive, and user-friendly interfaces.
‚Ä¢ Ensure high-quality code through code reviews, writing unit tests, and implementing best coding practices such as SOLID principles and SOC architecture.
‚Ä¢ Work with cloud platforms (Azure/AWS) for deploying, managing, and scaling applications.
‚Ä¢ Migrate legacy systems to modern technologies such as ASP.NET MVC, Blazor, and Angular/React.
‚Ä¢ Optimize application performance and scalability, including troubleshooting and bug fixing.
‚Ä¢ Participate in technical discussions, decision-making, and the mentoring of junior developers.
Required Qualifications:
‚Ä¢ Bachelor's degree in Computer Science, Information Technology, or a related field.
‚Ä¢ 5+ years of experience in .NET development with proficiency in C#, ASP.NET, .NET Core.
‚Ä¢ Strong front-end development skills in Angular, React, HTML5, CSS3, and JavaScript.
‚Ä¢ Experience working with relational databases such as SQL Server, PostgreSQL, and familiarity with NoSQL databases like MongoDB.
‚Ä¢ Expertise in building and consuming RESTful APIs, Web Services, and Microservices.
‚Ä¢ Experience in cloud technologies like Microsoft Azure or AWS.
‚Ä¢ Familiarity with DevOps practices such as CI/CD pipelines and source control tools (Git).
‚Ä¢ Experience in developing and maintaining enterprise-scale applications.
‚Ä¢ Excellent problem-solving skills, attention to detail, and the ability to prioritize tasks effectively.
‚Ä¢ Strong communication skills and the ability to collaborate in a fast-paced, team-oriented environment.
Preferred Qualifications:
‚Ä¢ Experience with Docker, Kubernetes, or other containerization technologies.
‚Ä¢ Knowledge of modern UI/UX design patterns.
‚Ä¢ Familiarity with Agile/Scrum development methodologies.
‚Ä¢ Microsoft certifications in Azure or .NET technologies are a plus.
What We Offer:
‚Ä¢ Competitive salary and benefits.
‚Ä¢ Opportunities for career growth and professional development.
‚Ä¢ Collaborative work environment with exposure to cutting-edge technologies.
‚Ä¢ Onsite amenities and a supportive team culture.
If you are passionate about developing world-class applications and looking to make an impact, we encourage you to apply.
Job Type: Full-time
Pay: From Rs300,000.00 per month
Ability to commute/relocate:
‚Ä¢ Multan: Reliably commute or planning to relocate before starting work (Required)
Experience:
‚Ä¢ .NET Development: 5 years (Required)
Language:
‚Ä¢ English (Required)
Location:
‚Ä¢ Multan (Preferred)","https://pk.indeed.com/viewjob?jk=cf0ea37bee08c64d&utm_campaign=google_jobs_apply&utm_source=google_jobs_apply&utm_medium=organic, https://www.glassdoor.com/job-listing/senior-net-full-stack-developer-arwa-technologies-JV_IC2971546_KO0,31_KE32,49.htm?jl=1009435168655&utm_campaign=google_jobs_apply&utm_source=google_jobs_apply&utm_medium=organic, https://ur.jobs-search.org/architecture-construction_multan-c356423/senior-net-full-stack-developer-multan_i2333201202?utm_campaign=google_jobs_apply&utm_source=google_jobs_apply&utm_medium=organic, https://pk.jooble.org/jdp/8957100438810370848?utm_campaign=google_jobs_apply&utm_source=google_jobs_apply&utm_medium=organic"
Retro vGames,"Full Stack Manager (Onsite), 10+ Years Experience",Retro vGames ‚Ä¢ Multan,25 days ago,Full-time,,"Job description
Location: Multan
Role Description
This is a full-time role for a Full Stack Manager / Developer at Retro vGames. As a Full Stack Developer, you will be responsible for both front-end and back-end development. Your day-to-day tasks will include building and maintaining efficient, secure, and scalable web applications, collaborating with cross-functional teams, and implementing responsive user int
...
erfaces using PHP, CSS, Vue js, React js, expertise in APIs integrations and other technologies.
Qualifications
‚Ä¢ Strong experience in Back-End Web Development, Front-End Development, and Full-Stack Development, Strong understanding of PHP and its frames works like symphony, laravel, codeigniter, wordpress object-oriented programming (OOP) concepts, and MVC architecture.
‚Ä¢ Proficiency in front-end technologies such as HTML, CSS, JavaScript, Vue.js, React, and responsive design principles.
‚Ä¢ Experience with database systems, particularly MySQL, MongoDB, and AWS.
‚Ä¢ Familiarity with version control systems, such as Git.
‚Ä¢ Knowledge of RESTful API development and integration.
‚Ä¢ Understanding of software development principles, design patterns, and coding best practices.
‚Ä¢ Strong problem-solving and analytical skills.
‚Ä¢ Excellent communication and collaboration skills.
‚Ä¢ Ability to work independently and as part of a team in a fast-paced, deadline-driven environment
‚Ä¢ Solid experience of designing interfaces, platform such as woocommerce & wordpress.
Experience:
‚Ä¢ Development: 10 years (Preferred)
Job Type: Full-time
Pay: Rs125,000.00 - Rs250,000.00 per month","https://pk.indeed.com/viewjob?jk=87d29c324239664d&utm_campaign=google_jobs_apply&utm_source=google_jobs_apply&utm_medium=organic, https://www.glassdoor.com/job-listing/full-stack-manager-remote-10-years-experience-retro-vgames-JV_IC2971546_KO0,45_KE46,58.htm?jl=1009409561471&utm_campaign=google_jobs_apply&utm_source=google_jobs_apply&utm_medium=organic, https://ur.jobs-search.org/architecture-construction_multan-c356423/job_i2331587453?utm_campaign=google_jobs_apply&utm_source=google_jobs_apply&utm_medium=organic, https://pk.jooble.org/jdp/-9087250963426389924?utm_campaign=google_jobs_apply&utm_source=google_jobs_apply&utm_medium=organic"
Hashtag Web,Junior MERN Stack Developer,Hashtag Web ‚Ä¢ Multan,,Full-time,Rs¬†20K‚ÄìRs¬†65K a month,"Job description
We are looking for a Junior MERN Stack Developer
As a Junior Developer at Hashtag Web, you will play a pivotal role in helping us build cutting-edge web applications and solutions. You will work closely with our experienced development team, contributing to the development and maintenance of web applications. This role is an excellent opportunity for someone looking to gain hands-on experience in
...
¬†web development and grow their skills in a supportive and collaborative environment.
Key Responsibilities:
‚Ä¢ Collaborate with senior developers to design and implement user-friendly web applications.
‚Ä¢ Write clean, maintainable, and efficient code using HTML, CSS, JavaScript, and React.
‚Ä¢ Utilize the Tailwind CSS framework to create responsive and visually appealing user interfaces.
‚Ä¢ Work with Node.js and MongoDB to develop and integrate back-end features, including RESTful APIs, routes, and middlewares.
‚Ä¢ Implement error handling and debugging processes to ensure smooth application functionality.
‚Ä¢ Collaborate with the team on version control using GIT to maintain codebase integrity.
‚Ä¢ Contribute to code reviews, identifying areas for improvement and adherence to coding standards.
‚Ä¢ Stay up-to-date with industry best practices and emerging technologies in web development.
‚Ä¢ Assist in the documentation of technical specifications and project-related information.
Qualifications:
‚Ä¢ Strong proficiency in HTML, CSS, and JavaScript.
‚Ä¢ Experience with the React framework for front-end development.
‚Ä¢ Familiarity with Tailwind CSS for responsive and efficient UI design.
‚Ä¢ Knowledge of Node.js and MongoDB for back-end development.
‚Ä¢ Understanding of RESTful API design and integration.
‚Ä¢ Ability to create and manage routes and middlewares.
‚Ä¢ Solid grasp of error handling and debugging techniques.
‚Ä¢ GIT version control proficiency.
‚Ä¢ Strong problem-solving skills and attention to detail.
‚Ä¢ Excellent communication and teamwork abilities.
‚Ä¢ Eagerness to learn and adapt to new technologies.",https://jobee.pk/jobdetail/junior-mern-stack-developer-c31c2545caa8af4b?utm_campaign=google_jobs_apply&utm_source=google_jobs_apply&utm_medium=organic
Doglobe Technologies pvt limited,Full Stack Developer / Web Developer,Doglobe Technologies pvt limited ‚Ä¢ Multan,,Full-time,Rs¬†50K‚ÄìRs¬†75K a month,"Job description
We are seeking a skilled and experienced Full Stack Developer. As a Full Stack Developer, you will play a crucial role in the design, development, and maintenance of web applications. This is a fully remote position, offering flexibility and the opportunity to work in a dynamic and collaborative environment.
Responsibilities:
‚Ä¢ Collaborate and analyze business requirements and translate them into
...
¬†technical solutions.
‚Ä¢ Design, develop, and maintain web applications using modern technologies and best practices.
‚Ä¢ Develop and implement front-end and back-end functionalities to create seamless user experiences.
‚Ä¢ Write clean, efficient, and reusable code for both client-side and server-side development.
‚Ä¢ Conduct thorough testing and debugging of applications to ensure high-quality deliverables.
‚Ä¢ Participate in code reviews, providing constructive feedback and suggestions for improvement.
‚Ä¢ Stay updated on industry trends, technologies, and best practices, and apply them to enhance the development process.
‚Ä¢ Collaborate with the product management team to refine and prioritize features and functionalities.
‚Ä¢ Troubleshoot and resolve issues reported by users or identified through testing.
‚Ä¢ Ensure the security, scalability, and performance of applications.
‚Ä¢ Document technical specifications, processes, and procedures.
Requirements:
‚Ä¢ 5+ years of professional experience as a Full Stack Developer.
‚Ä¢ Proficiency in front-end technologies such as HTML, CSS, JavaScript, and modern JavaScript frameworks (e.g., React, Angular, Vue.js).
‚Ä¢ Strong understanding and experience with server-side technologies such as Node.js, Python, Ruby, or Java.
‚Ä¢ Extensive experience with databases and query languages (e.g., SQL, NoSQL).
‚Ä¢ Solid understanding of RESTful APIs and web services.
‚Ä¢ Familiarity with version control systems (e.g., Git) and collaborative development workflows.
‚Ä¢ Experience with cloud platforms (e.g., AWS, Azure, GCP) and deployment processes.
‚Ä¢ Strong problem-solving and analytical skills.
‚Ä¢ Excellent communication and teamwork abilities.
‚Ä¢ Self-motivated and able to work independently in a remote work environment.
‚Ä¢ Bachelor's degree in Computer Science, Engineering, or a related field (preferred).
Benefits:
‚Ä¢ Competitive salary package.
‚Ä¢ Fully remote work environment.
‚Ä¢ Flexible working hours.
‚Ä¢ Opportunity to work with a diverse and talented team.
‚Ä¢ Professional growth and development opportunities.",https://jobee.pk/jobdetail/full-stack-developer-web-developer-5bd75d673979bcb5?utm_campaign=google_jobs_apply&utm_source=google_jobs_apply&utm_medium=organic
KK IT Solutions Pvt LTD,Javascript Developer,KK IT Solutions Pvt LTD ‚Ä¢ Multan,3 days ago,Full-time,,"Job description
Company Description
Welcome to KKITSOLUTIONS, a Multan-based web and android development service that specializes in providing development & design services for startups. Our core clients are startups looking to build their products from scratch. Our expertise lies in Custom Software Development, Mobile Application Development, Project Management, and Web Application Development.
Role Descriptio
...
n
This is a full-time, on-site role for a Javascript Developer at KK IT Solutions Pvt LTD in Multan. The Javascript Developer will be responsible for front-end development, back-end web development, software development, and utilizing technologies such as JavaScript and Redux.js.
Qualifications
‚Ä¢ Front-End Development and JavaScript skills
‚Ä¢ Back-End Web Development and Software Development expertise
‚Ä¢ Experience with technologies like Redux.js
‚Ä¢ Strong problem-solving and analytical skills
‚Ä¢ Ability to work collaboratively in a team environment
‚Ä¢ Bachelor‚Äôs degree in Computer Science or related field
‚Ä¢ Experience in mobile application development is a plus
Seniority level
Entry level
Employment type
Full-time
Job function
Engineering and Information Technology
Industries
Software Development
#J-18808-Ljbffr",https://pk.jooble.org/jdp/6253933612994482608?utm_campaign=google_jobs_apply&utm_source=google_jobs_apply&utm_medium=organic
Vizro Pvt Ltd,Front End Developer,Vizro Pvt Ltd ‚Ä¢ Multan,,Full-time,Rs¬†30K‚ÄìRs¬†35K a month,"Job description
We are looking for a Front-End Web Developer who is motivated to combine the art of design with the art of programming. Responsibilities will include translation of the UI/UX design wireframes to actual code that will produce visual elements of the application. You will work with the UI/UX designer to bridge the gap between graphical design and technical implementation, taking an active role on bo
...
th sides and defining how the application looks and works.
Responsibilities
‚Ä¢ Build reusable code and libraries for future use
‚Ä¢ Ensure the technical feasibility of UI/UX designs
‚Ä¢ Optimize application for maximum speed and scalability
‚Ä¢ Assure that all user input is validated before submitting to the back-end
‚Ä¢ Collaborate with other team members and stakeholders
‚Ä¢ {Add other responsibilities that are relevant}
‚Ä¢ Develop new user-facing features skills and Qualifications
‚Ä¢ Proficient understanding of web markup, including HTML5, CSS3
‚Ä¢ Basic understanding of server-side CSS pre-processing platforms, such as LESS and SASS
‚Ä¢ Proficient understanding of client-side scripting and JavaScript frameworks, including jQuery
‚Ä¢ Good understanding of asynchronous request handling, and partial page updates.
‚Ä¢ Basic knowledge of image authoring tools, to be able to crop, resize, or perform small adjustments on an image. Familiarity with tools such as Adobe Illustrator or Photoshop is a plus.
‚Ä¢ A UI/UX designer is expected to deliver finished resources for the developer to incorporate into the app. However, quite often a front-end web developer needs to make some small adjustments and cooperate with the graphic designer.
‚Ä¢ Proficient understanding of cross-browser compatibility issues and ways to work around them.
Education & Experience:
‚Ä¢ Bachelor's in Computer Science (Preferred)
‚Ä¢ Experience: Minimum 3 Maximum 5 years
BENEFITS:
‚Ä¢ Market-leading Salary
‚Ä¢ Medical Coverage
‚Ä¢ Leave Encashment
‚Ä¢ Company Provided Lunch
‚Ä¢ Work-Life Balance
‚Ä¢ Sporadic On-shore training opportunities
‚Ä¢ Friendly work environment
Job Type: Full-time
Salary: From 45, to 70, /PKR per month",https://jobee.pk/jobdetail/front-end-developer-72059fdc831c8317?utm_campaign=google_jobs_apply&utm_source=google_jobs_apply&utm_medium=organic
